campaign_id,campaign_name,campaign_type,start_date,end_date,budget_allocated,objective
1,Campaign_1,Awareness,2023-01-01,2024-12-31,2070006,Traffic
2,Campaign_2,Conversion,2023-01-01,2024-12-31,1636074,Traffic
3,Campaign_3,Awareness,2023-01-01,2024-12-31,4544887,Leads
4,Campaign_4,Awareness,2023-01-01,2024-12-31,1739911,Leads
5,Campaign_5,Awareness,2023-01-01,2024-12-31,4972471,Traffic
6,Campaign_6,Conversion,2023-01-01,2024-12-31,2638242,Traffic
7,Campaign_7,Awareness,2023-01-01,2024-12-31,2266891,Traffic
8,Campaign_8,Awareness,2023-01-01,2024-12-31,3844769,Sales
9,Campaign_9,Awareness,2023-01-01,2024-12-31,1291743,Sales
10,Campaign_10,Conversion,2023-01-01,2024-12-31,603355,Sales
